CATEGORY,NORMALIZED_CATEGORY
Shop Toys R Us,Shop Toys R Us
$15 and Under,$15 and Under
$25 and Under,REMOVE
25% DISCOUNT DOUGLAS COLLECTION & FRIENDS,REMOVE
ANTIBACTERIAL PRODUCTS & MASKS,Antibacterial Products & Masks
Above 45 Years,Above 45 Years
Accessories,Accessories
Action Figures,Action Figures
Active Accessories,Active Accessories
Activewear,Activewear
Advanced Contemporary,Advanced Contemporary
Air Freshners,Air Freshners
All Bath & Body,All in Body & Bath
All Beauty,All in Beauty
All Fragrance,All in Fragrance
All Gifts,All in Gifts
All Hair,All in Hair
All Kids,All in Kids
All Luggage,All in Luggage
All Make Up,All in Make Up
All Mini Size,All in Mini Size
All New,All in New
All Products,All Products
All Sale,All in Sales
All Sale & Clearance,All in Sale & Clearance
All Sales,All in Sales
All Shoes,All in Shoes
All Skincare,All in Skincare
All Sport,All in Sports
All Tools & Brushes,All in Tools & Brushes
All home,All in Home
All mens bags,All in Mens Bags
All technology,All Technology
All womens bags,All in Womens Bags
Ambiance,Ambiance
Annemarie B√∂rlind,REMOVE
Announcements,Announcements
Appliances,Appliances
Aroma Therapy,Aroma Therapy
Artistic Make Up,Artistic Make Up
"Arts, Crafts & Educational Toys","Arts, Crafts & Educational Toys"
Asian Beauty,Asian Beauty
Atomizers,Atomizers
Ayurveda,Ayurveda
BIOTHERM,REMOVE
BODY & BATH,Body & Bath
BODY & BATH ACCESSORIES,Body & Bath Accessories
BODY & BATH CASES,Body & Bath Cases
BODY & BATH SEPHORA COLLECTION,Body & Bath Sephora Collection
BODY & BATH SET,Body & Bath Sets
BODY & BATH TRAVEL FORMAT,Body & Bath Travel Format
BODY ACCESSORIES,Body Accessories
BODY AND BATH,Body & Bath
BODY AND BATH SEPHORA COLLECTION,Body & Bath Sephora Collection
BODY AND BATH SET,Body & Bath Sets
BODY CARE SETS,Bodycare Sets
BODY CLEANING,Body Cleansing
BODY CLEANSE,Body Cleansing
BODY CLEANSING,Body Cleansing
BODY SETS,Body Sets
BODY TREATMENT,Treatments for Body
BODY TREATMENTS,Treatments for Body
BODY TRENDS,Body Trends
BRUSH,Brushes
BRUSHES & COMBS,Brushes & Combs
BRUSHES & COMBS PAR,Brushes & Combs
BRUSHES AND APPLICATORS,Brushes & Applicators
BRUSHES MAKE-UP,Make Up Brushes
BY NECESSITY,By Need
Baby,Baby
Baby & Kids Furniture,Baby & Kids Furniture
Baby Care,Baby Care
Baby Gear & Essentials,Baby Gear & Essentials
"Baby, Pre School & Soft Toys","Baby, Pre School & Soft Toys"
Babywear 0-2 Years,Babywear 0-2 Years
Back in stock,Back in stock
Bags,Bags
Bags & Accessories,Bags & Accessories
Bags & Wallets,Bags & Wallets
Barbie,Barbie
Bath,Bath
Bath & Body,Body & Bath
Bath & Body Accessories,Body & Bath Accessories
Bath & Body Sets,Body & Bath Sets
Bath & Body Under $20,Bath & Body Under $20
Bath & Shower,Bath & Shower
Bath Accessories,Bath Accessories
Bath Preparations,Bath Preparations
Bathroom,Bathroom
Bathroom & Body,Body & Bath
Beard Care,Beard Care
Beauty,Beauty
Beauty Box,Beauty Box
Beauty Devices,Beauty Devices
Beauty Gifts,Beauty Gifts
Beauty Ideas,Beauty Ideas
Beauty Offers,Beauty Offers
Beauty Outlet,Beauty Outlet
Beauty Pharma,Beauty Pharma
Beauty Sale,Beauty Sale
Beauty Smarts,Beauty Smarts
Beauty Stories,Beauty Stories
Beauty Supplements,Beauty Supplements
Beauty Tools,Beauty Tools
Beauty Trends,Beauty Trends
Beauty from Within,Beauty from Within
Bedding,Bedding
Bedroom,Bedroom
Bedroom Furniture,Bedroom Furniture
Best For,Best For
Bestsellers,Bestsellers
Between 150 - 300 kr,Between 150 - 300 kr
Between SEK 300 - 500,Between SEK 300 - 500
Big & Tall,Big & Tall
Big Sizes,Big Sizes
Bikes & Scooters,Bikes & Scooters
Birthstone Of The Month,REMOVE
Black-Owned Brands,Black Owned Brands
Bless You,Bless You
Body,Body
Body Care,Bodycare
Body Make Up,Body Make Up
Body Moisturizers,Body Moisturisers
Body and Bath gift boxes,Body & Bath Gift Boxes
Body and Bath news,New in Body & Bath
Body and bath gift set,Body & Bath Gift Sets
Books & Stationery,Books & Stationery
Box affordable skincare,Affordable Skincare Boxes
Boxes & Kits,Boxes & Kits
Boys,Boys
Boys 0-3 Years,Boys 0-3 Years
Boys 3-16 Years,Boys 3-16 Years
Boys 4-16 Years,Boys 4-16 Years
Boys Shoes,Boys Shoes
Boys' Clothing,Boys Clothing
Brands,Brands
Brands to know,Brands to know
Bras,Bras
Bridgerton The Carousel,REMOVE
Brush & Sponge,Brushes & Sponges
Brushes,Brushes
Brushes & Accessories,Brushes & Accessories
Brushes & Applicators,Brushes & Applicators
Brushes & Combs,Brushes & Combs
Brushes & Sponges,Brushes & Sponges
Brushes & Tools,Brushes & Tools
By Category,By Category
By Collection,By Collection
By Concern,By Concern
By Hair Type,By Hair Type
By Interest,By Interest
By Occasion,By Occasion
By Price,By Price
By Recipient,By Recipient
By Style,By Style
CANDLE,Candles
CAR AIR FRESHENER,Car Air Freshner
CARE ACCESSORIES,Care Accessories
CARE ACCORDING TO SKIN TYPE,Care by Skin Type
CARE BY HAIR TYPE,Care by Hair Type
CARES WITH THE BODY,Body Care
CASKETS,Caskets
CATEGORY,NORMALIZED_CATEGORY
CHARLOTTE TILBURY,REMOVE
CHILD CARE,Child Care
CHILDREN'S PERFUME,Kids Perfumes
CLEANING STUFF,Cleanser
COFFRETS,Boxes
COLD & IMMUNE DEFENSE,Cold & Immune Defence
COLOR WOW,REMOVE
COLORATION,Colouring
COLORING,Colouring
COMPOSTABLE MAKEUP REMOVAL,Compostable Make Up Removal
CONSCIOUS BEAUTY,Conscious Beauty
CORPORAL HYGIENE,Body Hygiene
CORPS & BAIN,Body & Bath
COSMETICS FOR MEN,Mens Cosmetics
Candles,Candles
Candles & Home Fragrance,Candles & Home Fragrance
Candles & Home Scents,Candles & Home Scents
Care,Care
Care Makeup,Care Make Up
Care for skin needs,Care by Skin Needs
Care: Up to -30% on a selection,REMOVE
Casual Tailoring,Casual Tailoring
Character Shop,Character Shop
Cheek,Cheek
Childish,Childish
Clean Beauty,Clean Beauty
Clean Fragrance,Clean Fragrance
Clean Haircare,Clean Haircare
Clean Make Up,Clean Make Up
Clean Skincare,Clean Skincare
Cleaning,Cleaning
Cleaning & Make Up Removal,Cleanser & Make Up Removers
Cleaning & Organization,Cleaning & Organization
Cleaning Face,Face Clean
Cleaning and Make-up Removers,Cleanser & Make Up Removers
Cleanser,Cleanser
Cleanser & Exfoliator,Cleanser & Exfoliator
Clothing,Clothing
Cold & immune system,Cold & Immune Defence
Collections,Collections
Cologne,Cologne
Cologne & Grooming,Cologne & Grooming
Colorful Skincare,Colourful Skincare
Complete Your Look,Complete Your Look
Complexion,Complexion
Compostable makeup removal,Compostable Make Up Removal
Conscious Beauty,Conscious Beauty
Contemporary,Contemporary
Curly Haircare,Curly Haircare
Curve,Curve
Customers' Top Rated,Top Rated by Customers
D+ FOR CARE,REMOVE
DD+ Lingerie & Swimwear,DD Plus Lingerie & Swimwear
DECORATIONS,Decorations
DENTAL HYGIENE,Dental Hygiene
DEODORANTS,Deodorants
DEPILATORIOS,Depilatories
DERMATOCOSMETICS,DermatoCosmetics
DETERGENTS,Detergents
"DETOX, NOURISHMENT & REPAIR","Detox, Nourishment & Repair"
DEVICES FOR STYLING,Styling Devices
"DIET, EXERCISE & WEIGHT LOSS","Diet, Exercise & Weight loss"
DIETARY SUPPLEMENTS,Dietary Supplements
DISCOUNT ON CARE,Discount on Care
DISCOUNT ON HAIR CARE,Discount on Haircare
DISCOUNT ON PERFUMES,Discounts on Perfumes
DISHWASHER,Dishwasher
DISPOSABLES AND CONSERVATION,Disposable
DOUGLAS ACCESSORIES,Douglas Accessories
DOUGLAS BEAUTY KITS,Douglas Beauty Kits
DOUGLAS FOCUS,Douglas Focus
DOUGLAS HAIR,Douglas Hair
DOUGLAS HOME SPA,Douglas Home Spa
DOUGLAS MAKE-UP EYES,Douglas Make Up Eyes
DOUGLAS MAKE-UP FACE,Douglas Make Up Face
DOUGLAS MAKE-UP LIPS,Douglas Make Up Lips
DOUGLAS MAKE-UP NAILS,Douglas Make Up Nails
DRUNK ELEPHANT,REMOVE
Decor,Decorations
Dental Care,Dental Care
Designer Accessories,Designer Accessories
Designer Boutique,Designer Boutique
Designer New,New in Designer
Designer Sale,Designer Sale
"Diet, exercise & weight loss","Diet, Exercise & Weight loss"
Digestion & Organs,Digestion & Organs
Dining,Dining
Dining & Entertaining,Dining & Entertaining
Dining Room & Kitchen Furniture,Dining Room & Kitchen Furniture
Dinnerware,Dinnerware
Discounts,Discounts
Dolls & Collectables,Dolls & Collectables
Douglas Accesories New,New in Douglas Accessories
Douglas Beauty Tester,Douglas Beauty Tester
Douglas Collection,Douglas Collection
Douglas Make Up New,New in Douglas Make Up
Douglas Skin Focus,Douglas Skin Focus
Dresses,Dresses
Drinks,Drinks
Drug Store,Drugstore
Durable packaging,Durable Packaging
EFFECTIVE CARE BELOW PLN 135,EFFECTIVE CARE BELOW PLN 135
ENGRAVING WORKSHOP - PERSONALIZATION,ENGRAVING WORKSHOP - PERSONALIZATION
EPILATION,Epilation
ERBORIAN,ERBORIAN
EVENING CARE,Evening Care
EVENTS OF THE WEEK,EVENTS OF THE WEEK
EXCLUSIVE BODY PRODUCTS,Exclusive Body Products
EXCLUSIVE FACE TREATMENTS,Exclusive Face Treatments
EXCLUSIVE MAKEUP,Exclusive Make Up
EXCLUSIVE PERFUME COLLECTIONS,Exclusive Perfume Collections
Earth Conscious Beauty,Earth Conscious Beauty
Easter,Easter
Easter Gifts,Easter Gifts
Eco care,Ecological Care
Eco makeup,Ecological Make Up
Eco perfume,Ecological Perfumes
Eco-responsible care,Ecological Care
Eco-responsible makeup,Ecological Make Up
Eco-sustainable packaging,Ecological Packaging
Edits,Edits
Electricals,Electronics
Electronics,Electronics
Entryway,Entryway
Events & Gifts,Events & Gifts
Everyday Trainers,Everyday Trainers
Exclusive,Exclusive
Eye Care,Eyecare
Eye Contour,Eye Contour
Eye Make Up,Eye Make Up
Eye Treatments,Eye Treatments
Eyebrows,Eyebrows
Eyecare,Eyecare
Eyes,Eyes
FACE BEAUTY PRODUCTS,Beauty Products for Face
FACE CARE SET,Facecare Set
FACE CLEANING,Face Cleansing
FACE MASK,Face Masks
FACE SUNSCREEN,Face Sunscreen
FACE TREATMENT BOXES,Face Treatment Boxes
FACE TREATMENTS,Face Treatments
FACIAL CARE GENTLEMEN,Mens Facial Care
FACIAL CARE KIT,Facial Care Kit
FACIAL CLEANING,Facial Cleansers
FACIAL CLEANSER,Facial Cleansers
FACIAL MASK,Facial Masks
FACIAL TREATMENTS FOR MEN,Mens Facial Treatment
FASHION,Fashion
FINISHES & FIXATIVES,Finishes & Fixing
FIRST AID KIT,First Aid Kit
FIXATION,Fixation
FIXING & MODELING,Fixing & Modelling
FOAMIE,REMOVE
FOOD SUPPLEMENTS,Supplements
FOR MEN,For Men
FOR THE HOME,For the Home
FOR WOMEN,For Women
FRAGRANCE & FLAVORS,Fragrance & Flavours
FRAGRANCE CATEGORY,Fragrance
FRAGRANCE TO GO,Fragrances to Go
FRAGRANCE TRENDS,Fragrance Trends
Face,Face
Face Accessories,Face Accessories
Face Care,Facecare
Face Make Up,Face Make Up
Face Masks,Face Masks
Face Serums,Face Serums
Face care gift box,Facecare Gift Box
Face treatments of natural origin,Natural Face Treatments
Facial,Facial
Facial Accessories,Facial Accessories
Facial Care,Facial Care
Facial Cleaning,Facial Cleansers
Facial Creams,Facial Creams
Facial Treatments,Facial Treatments
Family Fragrance,Family Fragrance
Fan Gear,Fan Gear
Fashion Director Finds,Fashion Director Finds
Fashion Jewellery,Fashion Jewellery
Fashion Jewelry,Fashion Jewellery
Fashion Watches,Fashion Watches
Featured,Featured
Featured Designers,Featured Designers
Featured Shops,Featured Shops
Featured Trends,Featured Trends
Femenine Hygiene,Womens Hygiene
Fine Jewellery,Fine Jewellery
Fine Jewelry,Fine Jewellery
Fine Watches,Fine Watches
Fitness & Gym Equipment,Fitness & Gym Equipment
Florence by Mills,REMOVE
Food,Food
Food & Drinks,Food & Drinks
Food & Hampers,Food & Hampers
Foot Care,Footcare
For Her,For Women
For Him,For Men
For Kids,For Kids
Fragrance,Fragrance
Fragrance Gift Sets,Fragrance Gift Sets
Fragrance Notes,Fragrance Notes
Fragrance Under $20,Fragrance Under $20
Fragrance news,New in Fragrance
Furniture,Furniture
Furniture & Mattresses,Furniture & Mattresses
GALLANTRY,Gallantry
GIFT BASKETS,Gift Baskets
GIFT BOXES,Gift Boxes
GIFTS TO BUY,Gifts to Buy
GIRL MASKS,Girls Masks
GOOD BODY CARE,Good Bodycare
GOOD BODYCARE,Good Bodycare
GOOD FOR BODY & BATH,Good Body & Bath
GOOD FOR BODY AND BATH CARE,Good Body & Bath Care
GOOD FOR FRAGRANCE,Good Facecare
GOOD FOR HAIR CARE,Good Haircare
GOOD FOR HAIRCARE,Good Haircare
GOOD FOR PARFUM,Good Perfumes
GOOD FOR PERFUME,Good Perfumes
GOOD FOR SKINCARE,Good Skincare
GOOD FOR SOIN VISAGE,Good Facecare
GOOD FRAGRANCE,Good Fragrance
GOOD HAIR CARE,Good Haircare
GOOD HAIRCARE,Good Haircare
GOOD PERFUME,Good Perfumes
GOOD SKIN CARE,Good Skincare
GOOD SKINCARE,Good Skincare
GOODFRAGRANCE,Good Skincare
GROWN ALCHEMIST,REMOVE
Games & Puzzles,Games & Puzzles
Gel Nail Polish,Nail Polish Gel
Gift Card Event Designers,Gift Card Event Designers
Gift Cards,Gift Cards
Gift boxes for men,Gift Boxes for Men
Gifts,Gifts
Gifts & Value Sets,Gifts & Value Sets
Gifts Sale,Gifts Sale
Gifts With Purchase,Gifts with Purchase
Gifts by Category,Gifts by Category
Gifts by Occasion,Gifts by Occasion
Gifts for Everyone,Gifts for Everyone
Gifts with Purchase,Gifts with Purchase
Girls,Girls
Girls 0-3 Years,Girls 0-3 Years
Girls 3-16 Years,Girls 3-16 Years
Girls 4-16 Years,Girls 4-16 Years
Girls Shoes,Girls Shoes
Girls' Clothing,Girls Clothing
Glassware,Glassware
Global Skin Care,Global Skincare
Good For,Good
Good Make Up,Good Make Up
Good for Skincare,Good Skincare
Good is the New Effective,Good is the New Effective
Good skincare,Good Skincare
Grooming,Grooming
HAIR ACCESSORIES,Hair Accessories
HAIR ACESSORIES,Hair Accessories
HAIR BOX,Hair Boxes
HAIR BRUSHES AND COMBS,Hair Brushes & Combs
HAIR CASES,Hair Cases
HAIR COLOURS,Hair Colour
HAIR DYEING,Hair Dyeing
HAIR FOOD SUPPLEMENTS,Food Supplements for Hair
HAIR NEEDS,Hair Needs
HAIR NEWS,New in Hair
HAIR REMOVAL,Hair Removal
HAIR REMOVAL & HAIR REMOVAL,Hair Removal
HAIR SETS,Hair Sets
HAIR SOLUTIONS,Hair Solutions
HAIR TREATMENT SETS,Hair Treatment Sets
HAIR TREATMENTS,Hair Treatments
HAIR TRENDS,Hair Trends
HAIR TYPE,Hair Type
HAIR TYPES,Hair Type
HAIR VITAMINS,Vitamins for Hair
HAIRSTYLING,Hairstyling
HAIRSTYLING TOOLS,Hairstyling Tools
HAND CARE,Handcare
HANDBAGS,Handbags
HEALTH,Health
HOME & LIFESTYLE,Home & Lifestyle
HOUSE,House
HOUSEHOLD,Household
HOUSEHOLD CLEANERS,Household Cleaners
HOUSEHOLD PAPER,Household Paper
HYGIENE,Hygiene
Hair,Hair
Hair Brushes & Combs,Hair Brushes & Combs
Hair Color,Hair Colour
Hair Dye & Root Touch-Ups,Hair Dye & Root Touch Ups
Hair News,New in Hair
Hair Removal Tools,Hair Removal Tools
Hair Styling,Hair Styling
Hair Styling Tools,Hair Styling Tools
Hair Tools,Hair Tools
Hair Under $20,Hair Under $20
Hair care gift boxes,Haircare Gift Boxes
Hair care with natural ingredients,Natural Haircare
Hair gift box,Hair Gift Boxes
Hair news,New in Hair
Haircare,Haircare
Haircare Sets,Haircare Sets
Hairstyling,Hairstyling
Hampers,Hampers
Hand & Foot Care,Hand & Foot Care
Handbags,Handbags
Handbags & Wallets,Handbags & Wallets
Hands & Feet,Hands & Feet
Health,Health
Health & Safety,Health & Safety
Health Devices,Health Devices
Health Suppliments,Health Supplements
Heels,Heels
Help Me Choose,Help Me Choose
High Tech Tools,High Tech Tools
Highlights,Highlights
Home,Home
Home & Health,Home & Health
Home & Lifestyle,Home & Lifestyle
Home & Salon Disposables,Home & Salon Disposables
Home & lifestyle,Home & Lifestyle
Home Office,Home Office
Home Sale,Home Sale
Homeware,Homeware
ILIA,REMOVE
INSECTICIDES,Insecticides
INSPIRATIONS,Inspritations
INTIMATE HYGIENE,Intimate Hygiene
Initial Jewellery,Initial Jewellery
Inspiration,Inspritations
Insta Worthy Shoes,Insta Worthy Shoes
JEWELRY,Jewellery
Jewellery,Jewellery
Jewelry,Jewellery
Jewelry & Accessories,Jewellery & Accessories
Jewelry & Watch Gifts,Jewellery & Watches Gifts
Juniors,Juniors
Just Dropped,Just Dropped
Just landed: Herm√®s Plein Air Complexion Collection,REMOVE
KIEHL'S,REMOVE
KIEHL'S since 1851,REMOVE
KITS,Kits
KOREAN CARE,Korean Care
Kid's Haircare,Kids Haircare
Kids,Kids
Kids & Baby,Kids & Baby
Kids & Baby Sale,Kids & Baby Sale
Kids 0-3 Years,Kids 0-3 Years
Kids Books,Kids Books
Kids Care,Kids Care
Kids Party & Costumes,Kids Party & Costumes
Kids Sale,Kids Sale
Kids' Shoes,Kids Shoes
Kitchen,Kitchen
Kits,Kits
Kits & Combos,Kits & Combos
Kits & Palettes,Kits & Palettes
Knickers,Knickers
Kora Organics,Kora Organics
LADY PERFUMES,Womens Perfumes
LARGE FORMATS,Grand Formats
LEGO,LEGO
LICK,REMOVE
LIMITED OFFER,Limited Offer
LIPS MAKEUP,Lips Make Up
LIVING,Living
Lighting,Lighting
Lingerie,Lingerie
Lingerie Sale,Lingerie Sale
"Lingerie Sets, Tights & Bodysuits","Lingerie Sets, Tights & Bodysuits"
Lip Balms & Treatments,Lip Balms & Treatments
Lip Care,Lip Care
Lip Make Up,Lip Make Up
Lip Treatment,Lip Treatment
Lipcare,Lipcare
Lips,Lips
Lips Make Up,Lips Make Up
Living Room Furniture,Living Room Furniture
Long Lasting Make Up,Long Lasting Make Up
Loungewear,Loungewear
Luggage & Travel,Luggage & Travel
Luxury,Luxury
Luxury Jewellery,Luxury Jewellery
Luxury Perfume,Luxury Perfumes
Luxury Perfumes,Luxury Perfumes
Luxus Make-up,Luxury Make Up
MAKE-UP REMOVAL AND CLEANSING,Make Up Remover
MAKEUP DISCOUNT,Make Up Discount
MAKEUP FOR CHILDREN,Make Up for Children
MAKEUP NAILS,Nails Make Up
MAKEUP REMOVER & CLEANSER,Make Up Remover
MALE HAIR,Mens Hair
MAN FACE CARE,Mens Facecare
MAN FACE TREATMENT,Mens Facial Treatment
MAN PERFUMES,Mens Perfumes
MANUCURIST,REMOVE
MARIA NILA,REMOVE
MEN'S,Men
MEN'S BODY CARE,Mens Bodycare
MEN'S CARE,Mens Care
MEN'S FACIAL TREATMENT,Mens Facial Treatment
MEN'S HAIR PRODUCTS,Mens Hair Products
MINI BATH AND BODY,Body & Bath Mini
MINI BODY COSMETICS,Body Cosmetics Mini
MINI FACIAL COSMETICS,Facial Cosmetics Mini
MINI FORMAT,Mini Format
MINI FRAGRANCES,Fragrance Mini
MINI HAIR CARE,Haircare Mini
MINI HAIR PRODUCTS,Hair Products Mini
MINI MAKEUP,Make Up Mini
MINI PERFUME,Perfumes Mini
MINI PERFUMES,Perfumes Mini
MINI SKIN CARE,Skincare Mini
MINI TRAVEL FAVORITES,Travel Minis Favourites
MIX & MATCH,Mix & Match
MIXED PERFUME,Mixed Perfumes
MODE,Fashion
MOTHER AND CHILD,Mother & Child
Make,Make Up
Make Up,Make Up
Make Up Accessories,Make Up Accessories
Make Up Box,Make Up Box
Make Up Brushes,Make Up Brushes
Make Up Cases,Make Up Cases
Make Up Kits,Make Up Kits
Make Up Mini,Make Up Mini
Make Up Novelties,New in Make Up
Make Up Palettes,Make Up Palettes
Make Up Removers,Make Up Remover
Make Up Set,Make Up Sets
Make Up Sets,Make Up Sets
Make Up Tools,Make Up Tools
Make up,Make Up
Make-Up,Make Up
Make-up,Make Up
Make-up news,New in Make Up
Make-up of natural origin,Natural Make Up
Make-up removal and cleansing,Make Up Remover
Make-up removers and cleansers,Make Up Remover
Make-up-Mania,Make Up Mania
Makeup & Travel Cases,Make Up Traval Cases
Makeup News,New in Make Up
Makeup Removers & Cleansers,Make Up Remover
Makeup Under $20,Makeup Under $20
Makeup gift box,Make Up Gift Boxes
Makeup gift boxes,Make Up Gift Boxes
Makeup with natural ingredients,Natural Make Up
Manicure & Pedicure,Manicure & Pedicure
Manicure & Pedicure Tools,Manicure & Pedicure Tools
Masks,Masks
Masks & Treatments,Masks & Treatments
Massage Tools,Massage Tools
Maternity,Maternity
Maternity Care,Maternity Care
Maternity Wear,Maternity Wear
Mattresses,Mattresses
Men,Men
Men's,Men
Men's Active & Outdoor,Mens Active & Outdoor
Men's Big & Tall,Mens Big & Tall
Men's Fragrance,Mens Fragrance
Men's Jewelry,Mens Jewellery
Men's Sale,Mens Sale
Men's Shoes,Mens Shoes
Men's Spring Trends,Mens Spring Trends
Mens Clothing,Mens Clothing
Mens Fragrance,Mens Fragrance
Mens Gifts,Mens Gifts
Mens Grooming,Mens Grooming
Mens Jewellery,Mens Jewellery
Mens Perfume,Mens Perfumes
Mens Perfumes,Mens Perfumes
Mens Sale,Mens Sale
Mens Shoes,Mens Shoes
Mens Sports,Mens Sports
Mens Spring wardrobe,Mens Spring wardrobe
Mens Trends,Mens Trends
Mini Make Up Cosmetics,Make Up Mini
Mini Size,Mini Size
Mission Every One,Mission Every One
Mode,Fashion
Moisturiser,Moisturizer
More For The Home,More For The Home
More Gifting Ideas,More Gifting Ideas
More Sizes,More Sizes
Most Voted,Most Voted
Most Voted Perfumes,Most Voted Perfumes
Most Wanted,Most Wanted
Mother & Baby,Mother & Child
Mouisturisers,Moisturizer
Mouth,Mouth
Multi Buy Offers,Multi Buy Offers
Music & Sound,Music & Sound
M¬∑A¬∑C,REMOVE
NAIL CARE,Nailcare
NATURAL COSMETICS,Natural Cosmetics
NATURE,Natural
NEEDS,Needs
NEW,New
NEW BODY & BATH,New in Body & Bath
NICHE PERFUMER,Niche Perfumes
Nail Art & Design,Nail Art & Design
Nail Care,Nailcare
Nail Polish,Nail Polish
Nail Polish Stickers,Nail Polish Stickers
Nails,Nails
Nails Make Up,Nails Make Up
Names to Know,Names to Know
Natural Care,Natural Care
Natural Makeup,Natural Make Up
Natural Treatment,Natural Treatments
Natural body care,Natural Bodycare
Natural care,Natural Care
Natural hair care,Natural Haircare
Natural makeup,Natural Make Up
Natural perfume,Natural Perfumes
Natural perfumes,Natural Perfumes
Natural skin care,Natural Skincare 
Neck & Decolletage Care,Neck & Decolletage Care
Neck Creams,Neck Creams
New,New
New Arrivals,New Arrivals
New Body and Bath,New in Body & Bath
New Face Treatments,New in Face Treatments
New Markdowns,New in Markdowns
New Perfume,New in Perfumes
New Sephora Collection,New in Sephora Collection
New in Body & Bath,New in Body & Bath
New in Face Care,New in Facecare
New make-up,New in Make Up
New products. Face care,New in Facecare
News Hair,New in Hair
Niche,Niche
Niche Fragrance,Niche Fragrance
Niche Perfumes,Niche Perfumes
Niche Scents,Niche Scents
Nightwear,Nightwear
Novelties Body and Bath,New in Body & Bath
Nursery,Nursery
Nursing & Feeding,Nursing & Feeding
OBVIOUS,Obvious
OFFER OF THE MONTH,Offers of the Month
OFFERS,Offers
OLEHENRIKSEN,REMOVE
OLFACTORY NOTE,Olfactory Notes
OLFACTORY NOTES,Olfactory Notes
ORAL CARE,Oral Care
ORAL HYGIENE,Oral Hygiene
ORIGINAL PERFUMES,Original Perfumes
OVER 6000 NEW PRODUCTS,New Products
Olfactory,Olfactory
Only at Sephora,Only at Sephora
Organic Face Treatments,Organic Face Treatments
Organic care,Organic Care
Organic skin care,Organic Skincare
Our Best Gifts,Our Best Gifts
Our Private Collection Perfumes,Our Private Collection Perfumes
Outdoor,Outdoor
Outdoor & Patio Furniture,Outdoor & Patio Furniture
Outdoor Play & Activity,Outdoor Play & Activity
Outlet,Outlet
Over SEK 500,Over SEK 500
PAINT,Paint
PARAPHARMACY FACIAL CARE,Pharmacy Facial Care
PERFUME BOX,Perfume Boxes
PERFUME CASES,Perfume Cases
PERFUME FOR TWO,Perfumes for Two
PERFUME GIFT IDEAS,Perfume Gift Ideas
PERFUME MAN,Mens Perfumes
PERFUME NOVELTIES,New in Perfumes
PERFUME SETS,Perfume Sets
PERFUME TRAVEL FORMAT,Perfumes in Travel Format
PERFUMES FOR EVERYONE,Perfumes for Everyone
PERSONAL HYGIENE,Personal Hygiene
POPULAR BRANDS,Popular Brands
PREMIUM,Premium
PREMIUM SKINCARE,Premium Skincare
PRICES YOU WILL LOVE,Prices you will Love
PRIVATE COLLECTION,Private Collection
PRIVATE COLLECTION PERFUMES,Private Collection Perfumes
PRODUCTS FOR EVERY HAIR TYPE,Hair Type
PRODUCTS FOR SKIN TYPES,Skin Type
PROFESSIONAL CARE,Professional Care
PROFESSIONAL HAIRCARE,Professional Haircare
PROMOTIONS AND DISCOUNTS,Promotions & Discounts
Pain Relief,Pain Relief
Paint Brush,Paint Brush
Palettes,Palettes
Palettes & Kits,Palettes & Kits
Palettes & Sets,Palettes & Sets
Perfume Boxes,Perfume Boxes
Perfume gift box,Perfume Gift Boxes
Perfume gift boxes,Perfume Gift Boxes
Perfume news,New Perfumes
Perfume: Best offer of the moment,Perfumes Offers
Perfumes,Perfumes
Perfumes Notes,Perfumes Notes
Perfumes at low Prices,Perfumes at Low Prices
Personalised Gifts,Personalized Gifts
Personalize your fragrance,Personalized Fragrance
Petite Size,Petite Size
Pets,Pets
Pharmacy,Pharmacy
Pink Make Up,Pink Make Up
Plant flowers,Plants & Flowers
Plus Sizes,Plus Sizes
Press On Nails,Press on Nails
Professional Brands,Professional Brands
Project Earth,Project Earth
Promotions,Promotions
Quick Links,Quick Links
RARE BEAUTY,REMOVE
RED SENSUALITY,Red Sensuality
REMOVE MAKE-UP AND CLEANSE,Make Up Remover
RESIDE,Home
REVOLUTION,Revolution
RO BRANDS,REMOVE
RUNWAY PERFUMES,Runway Perfumes
RareBeauty,REMOVE
Rechargeable Products,Rechargeable Products
Recovery & Wellness,Wellbeing
Refresh,Refresh
Reside,Home
SADY,Sets
SALON,Salon
SCENTED LINE,Scented Line
SCENTED STICKS AND FLAVORINGS,Scented Sticks & Flavourings
SCRUB,Scrubs
SEEN ON TV,Seen On TV
SENSAI,REMOVE
SEPHORA BODY AND BATH COLLECTION,Sephora Body & Bath Collection
SEPHORA COLLECTION BODY,Sephora Body Collection
SEPHORA COLLECTION BODY & BATH,Sephora Body & Bath Collection
SEPHORA COLLECTION CARE,Sephora Care Collection
SEPHORA COLLECTION FACIAL TREATMENTS,Sephora Facial Treatments Collection
SEPHORA COLLECTION HAIR,Sephora Hair Collection
SEPHORA COLLECTION PERFUME,Sephora Perfumes Collection
SEPHORA COLLECTION PERFUMES,Sephora Perfumes Collection
SEPHORA COLLECTION PERFUMES FOR LESS THAN ‚Ç¨ 30,SEPHORA COLLECTION PERFUMES FOR LESS THAN EUR 30
SEPHORA COLLECTION SKIN CARE,Sephora Skincare Collection
SEPHORA COLLECTION TREATMENT,Sephora Treatments Collection
SEPHORA HAIR CARE COLLECTION,Sephora Haircare Collection
SEPHORA HAIR COLLECTION,Sephora Hair Collection
SEPHORA PERFUME COLLECTION,Sephora Perfumes Collection
SEPHORA SKINCARE COLLECTION,Sephora Skincare Collection
SERUMS FOR THE GIRL,Serums for Girls
SETS,Sets
SEXTOYS,Sextoys
SEXUAL CARE,Sexual Wellness
SHAVE,Shaving
SHAVED OFF,Shaved Off
SHISEIDO,REMOVE
SHOPPING NIGHT,Shopping Night
SHOWER BATH,Shower & Bath
SIGHT,Face
SISLEY,REMOVE
SKIN CARE ACCESSORIES,Skincare Accessories
SKIN CARE SET,Skincare Sets
SKIN CLEANSING,Skin Cleansing
SKIN NEED,Skin Needs
SKIN NEEDS,Skin Needs
SKIN PROBLEMS,Skin Problems
SKIN TYPES,Skin Type
SLEEP,Sleep
SMILE MAKERS,Smile Makers
SOFTENERS AND PEARLS,Softners & Pearls
SOLAR,Solar
SOS DAMAGED HAIR,Sos Damaged Hair
SOS DAMAGED HAIR!,Sos Damaged Hair
SPECIFIC TREATMENTS,Specific Treatments
STYLING & HAIRSTYLE,Hair Styling
STYLING AND FIXING,Styling & Fixing
STYLING TOOLS,Styling Tools
STYLIZE THE HAIR,Hair Styling
SUN & PROTECTION,Suncare
SUN CARE & PROTECTION,Suncare
SUN PROTECTION,Sun Protection
SUNBATHING,Sun Bathing
SUPER MOLECULES,Super Molecules
SUPPLEMENTS & DETOX,Supplements & Detox
Sale,Sale
Sale Banner MainNodeAT 2,REMOVE
Sale by categories,Sale by Categories
Sale by percent,Sale by Percent
Scent,Scents
Scrubs & Masks,Scrubs & Masks
Seasonal Reductions,Seasonal Reductions
See All,See All
Self Care & Wellness,Self Care & Wellness
Self Tanners,Self Tanners
Sephora CARE,Sephora Care
Sephora Collection,Sephora Collection
Sephora Collection Engagement,Sephora Engagement Collection
Sephora Collection Make Up,Sephora Make Up Collection
Sephora Collection Serums,Sephora Serums Collection
Sephora Collection Under $20,Sephora Collection Under $20
Sephora Collection: 3 for 2,Sephora Collection: 3 for 2
Sephora Favorites,Sephora Favourite
Sephora Favorites Sets,Sephora Favourite Sets
Serums,Serums
Sets,Sets
Sex Toys,Sextoys
Sex-Toys,Sextoys
Sexual Wellness,Sexual Wellness
Shampoo & Conditioner,Shampoo & Conditioner
Shapewear,Shapewear
Shaving,Shaving
Shoes,Shoes
Shoes & Accessories,Shoes & Accessories
Shoes & Accessories Sale,Shoes & Accessories Sale
Shoes & Boots,Shoes & Boots
Shoes for All Ages,Shoes for All Ages
Shop,Shop
Shop All,Shop All
Shop by Activity,Shop by Activity
Shop by Category,Shop by Category
Shop by Concern,Shop by Concern
Shop by Fit,Shop by Fit
Shop by Fragrance Family,Shop by Fragrance Family
Shop by Occasion,Shop by Occasion
Shop by Style,Shop by Style
Shop by category,Shop by Category
Shop for a discount,Shop for a discount
Sight,Face
Skin,Skin
Skin care gift boxes,Skincare Gift Boxes
Skincare,Skincare
Skincare Sets,Skincare Sets
Skincare Tools,Skincare Tools
Skincare Under $20,Skincare Under $20
Sleep,Sleep
Sleepwear,Sleepwear
Socks,Socks
Soft Furnishings,Soft Furnishings
Soin Vegan,Vegan Care
Special Care,Special Care
Special Events,Special Events
Special Occasion,Special Occasion
Special Offers,Special Offers
Sponges & Applicators,Sponges & Applicators
Sport & Play,Sport & Play
Sports,Sports
Sports Nutrition,Sports Nutrition
Spring,REMOVE
Spring Accessories,REMOVE
Spring's Must-Haves,REMOVE
Stories,Stories
Streetware,Streetwear
Streetwear,Streetwear
Styling,Styling
Styling Tools,Styling Tools
Suiting & Occasionwear,Suiting & Occasionwear
Suits & Tailoring,Suits & Tailoring
Sun & Protection,Suncare
Sun Care,Sun Care
Suncare,Suncare
Sunglasses & Eyeglasses,Sunglasses & Eyewear
Sunglasses & Eyewear,Sunglasses & Eyewear
Sunscreen,Sunscreen
Super Charged Serums,Super Charged Serums
Superself,Superself
Supplements,Supplements
Sustainable Treatment,Sustainable Treatment
Sustainable packaging,Sustainable Packaging
Swim & Beach,Swim & Beach
Swimwear,Swimwear
"TANNING TIME, START!","Tanning"
TEST ME,Test
TEXTILE PERFUME,Textile Perfumes
THE MASK,The Mask
THE ORDINARY,REMOVE
THE SMELL OF THE APARTMENT,Aparment Smell
TO SHAPE,To Shape
TO SHAVE,To Shave
TO SLEEP,To Sleep
TOP SALES BODY & BATH,Body & Bath Top Sales
TOP SALES HAIR,Hair Top Sales
TOP SALES PERFUME,Perfumes Top Sales
TRAVEL ACCESSORIES,Travel Accessories
TREATMENT ACCESSORIES,Treatment Accessories
TREATMENT CASES,Treatment Cases
TREATMENT MINIS,Treatment Minis
TRENDY PERFUME,Trending Perfumes
TRENDY PRODUCTS,Trending Products
TRY ME,Try Me
TRY... FIRST!,Try First
TYPE OF HAIR,Hair Type
TYPE OF NEED,Types of Needs
TYPES OF HAIR,Hair Type
TYPES OF PRODUCTS,Types of Products
TYPES OF TREATMENT,Types of Treatments
Tableware,Tableware
Tech,Technology
Test your perfume before adopting it,Perfumes Tester
The Easter Shop,The Easter Shop
The Final Offer: 60-70% Off,REMOVE
The Next Big Thing,The Next Big Thing
The Project Earth edit,Project Earth
TikTok Viral 2021!,TikTok Viral 2021
Toddlers,Toddlers
Toners,Toners
Tools,Tools
Tools & Accessories,Tools & Accessories
Tools & Brushes,Tools & Brushes
Tools & Brushes Under $20,Tools & Brushes Under $20
Top & Base Coats,Top & Base Coats
Top Brands,Top Brands
Top Perfumes,Top Perfumes
Top Rated Gifts,Top Rated Gifts
Top Sales,Top Sales
Top of their game: activewear essentials,Top of their game: activewear essentials
Toy Type,Toy Type
Toys,Toys
Toys By Age,Toys By Age
Toys By Price,Toys By Price
Trainers,Trainers
Transeasonal,Transeasonal
Travel,Travel
Travel Essentials,Travel Essentials
Travel Goods,Travel Goods
Travel Size,Travel Size
Travel Size Beauty,Travel Size Beauty
Travel Systems,Travel Systems
Treatment & Serums,Treatment & Serums
Treatment of natural origin,Natural Treatments
Treatments,Treatments
Treatments with natural ingredients,Natural Treatments
Trending,Trending
Trending Now,Trending Now
Trending Search,Trending Searches
Trending Searches,Trending Searches
Trends,Trending
Trends & Novelties,New Trending
Tween 8-16 Years,Tween 8-16 Years
Types of Care,Care Type
Types of Skin,Types of Skin
Types of Treatment,Types of Treatments
ULTA Collection,ULTA Collection
UNBOTTLED,Unbottled
UNDER 99 LEI,Under 99 LEI
Ulta Beauty Collection,Ulta Beauty Collection
Under 150 kr,Under 150 kr
Underwear & Socks,Underwear & Socks
Unique Gifts by STORY,Unique Gifts by STORY
Unisex,Unisex
Unisex Fragrance,Unisex Fragrance
Unisex Perfumes,Unisex Perfumes
VALENTINE'S BOX,REMOVE
VALENTINE'S DAY,REMOVE
VEGAN BODY CARE,Vegan Bodycare
VEGAN COSMETICS,Vegan Cosmetics
VEGAN HAIR CARE,Vegan Haircare
VEGAN SKIN CARE,Vegan Skincare
VIEW EVERYTHING,See All
VITAMINS & MINERALS,Vitamins & Minerals
Value & Gift Sets,Value & Gift Sets
Value Size,Value Size
Vegan,Vegan
Vegan Facial Treatments,Vegan Facial Treatments
Vegan Fragrance,Vegan Fragrance
Vegan Haircare,Vegan Haircare
Vegan Skincare,Vegan Skincare
Vegan Treatment,Vegan Treatments
Vegan body care,Vegan Bodycare
Vegan care,Vegan Care
Vegan hair care,Vegan Haircare
Vegan hair treatment,Vegan Hair Treatment
Vegan make-up,Vegan Make Up
Vegan makeup,Vegan Make Up
Vegan perfume,Vegan Perfumes
Vegan perfumes,Vegan Perfumes
Vegan skin care,Vegan Skincare
Vehicles & Remote Control Toys,Vehicles & Remote Control Toys
WAR WITH IMPERFECTIONS!,War against Imperfections
WASH & CARE,Wash & Care
WASH COMPLEMENTS,Washing Accessories
WELL BEING,Wellbeing
WELL-BEING,Wellbeing
WELLNESS & SEX TOYS,Wellness & Sextoys
WOMAN'S EAU THE TOILET,Womens Eau de Toilette
Watches,Watches
Wedding,Wedding
Wedding & Engagement Jewelry,Wedding Jewellery
Wedding Guest Shoes,Wedding Guest Shoes
Wedding Jewellery,Wedding Jewellery
Weight Management,Weight Management
Wellbeing,Wellbeing
What To Wear For,What To Wear For
Women,Women
Women's Fragrance,Womens Fragrance
Women's Sale,Womens Sale
Women's Shoes,Womens Shoes
Women's Spring Trends,Womens Spring Trends
Womens Clothing,Womens Clothing
Womens Fragrance,Womens Fragrance
Womens Frangrance,Womens Fragrance
Womens Jewellery,Womens Jewellery
Womens Mid Season Sale,REMOVE
Womens Perfume,Womens Perfumes
Womens Perfumes,Womens Perfumes
Womens Sale,Womens Sale
Womens Shoes,Womens Shoes
Womens Sports,Womens Sports
Womens Trends,Womens Trends
Workwear,Workwear
XL FORMAT,XL
XL FORMATS,XL
Zodiac & birthstone jewellery,REMOVE
body,Body
body & bath,Body & Bath
body cleansing,Body Cleansing
dental care,Dental Care
ecological packaging,Ecological Packaging
facial masks,Facial Masks
fragrances,Fragrance
garden,Garden
gift sets,Gift Sets
good skincare,Good Skincare
hair,Hair
hair care,Haircare
hand care,Handcare
jewelry,Jewellery
kitchen,Kitchen
luxury care,Luxury Gifts
luxury gifts,Luxury Gifts
luxury hair,Luxury Hair
make-up,Make Up
masks,Maks
nails,Nails
natural hair treatment,Natural Hair Treatment
pedicure,Pedicure
personal hygiene,Personal Hygiene
pet supplies,Pet Supplies
sexual health and wellness,Sexual Wellness
sustainability,Sustainable
test me,Test
up to -50% on Urban Decay,REMOVE
vegan hair care,Vegan Haircare
vegan hair treatment,Vegan Hair Treatment
vegan makeup,Vegan Make Up
vegan products,Vegan Products
vegan treatment,Vegan Treatments
vitamins & minerals,Vitamins & Minerals